backend,mem_mib,n,boot_ms,host_free_mib,exec_ok
vz,1024,0,355,34963,1
vz,1024,1,332,34828,1
vz,1024,2,354,34625,1
vz,1024,3,343,34480,1
vz,1024,4,256,34321,1
vz,1024,5,343,33878,1
vz,1024,6,354,33721,1
vz,1024,7,353,34001,1
vz,1024,8,351,33928,1
vz,1024,9,345,33564,1
vz,1024,10,347,33400,1
vz,1024,11,353,33288,1
vz,1024,12,251,33596,1
vz,1024,13,328,33481,1
vz,1024,14,350,33129,1
vz,1024,15,334,32966,1
vz,1024,16,269,32861,1
vz,1024,17,356,33010,1
vz,1024,18,360,32912,1
vz,1024,19,361,32830,1
vz,1024,20,362,32991,1
vz,1024,21,350,32862,1
vz,1024,22,345,32781,1
vz,1024,23,300,32671,1
vz,1024,24,370,32282,1
vz,1024,25,259,32159,1
vz,1024,26,368,32078,1
vz,1024,27,348,32367,1
vz,1024,28,352,32274,1
vz,1024,29,352,32172,1
vz,1024,30,238,32108,1
vz,1024,31,343,32003,1
vz,1024,32,366,31944,1
vz,1024,33,350,31850,1
vz,1024,34,298,31428,1
vz,1024,35,262,31299,1
vz,1024,36,227,31220,1
vz,1024,37,339,31157,1
vz,1024,38,275,31484,1
vz,1024,39,350,31368,1
vz,1024,40,339,30898,1
vz,1024,41,363,30754,1
vz,1024,42,371,31090,1
vz,1024,43,278,31030,1
vz,1024,44,347,30941,1
vz,1024,45,261,30484,1
vz,1024,46,370,30383,1
vz,1024,47,362,30747,1
vz,1024,48,268,30620,1
vz,1024,49,350,30551,1
vz,1024,50,254,30461,1
vz,1024,51,364,30354,1
vz,1024,52,353,30242,1
vz,1024,53,368,30152,1
vz,1024,54,261,30060,1
vz,1024,55,299,29599,1
vz,1024,56,356,28710,1
vz,1024,57,369,28912,1
vz,1024,58,368,28869,1
vz,1024,59,269,28991,1
vz,1024,60,331,29591,1
vz,1024,61,370,29505,1
vz,1024,62,352,29404,1
vz,1024,63,279,29263,1
vz,1024,64,371,29138,1
vz,1024,65,366,28360,1
vz,1024,66,373,28321,1
vz,1024,67,387,30442,1
vz,1024,68,276,30398,1
vz,1024,69,346,30357,1
vz,1024,70,346,30123,1
vz,1024,71,299,30061,1
vz,1024,72,342,30362,1
vz,1024,73,340,30276,1
vz,1024,74,360,29904,1
vz,1024,75,334,29745,1
vz,1024,76,367,29630,1
vz,1024,77,370,29898,1
vz,1024,78,370,29792,1
vz,1024,79,287,29710,1
vz,1024,80,373,29649,1
vz,1024,81,365,29145,1
vz,1024,82,369,28811,1
vz,1024,83,388,28727,1
vz,1024,84,372,28963,1
vz,1024,85,339,28848,1
vz,1024,86,374,28618,1
vz,1024,87,352,28579,1
vz,1024,88,351,28404,1
vz,1024,89,366,28848,1
vz,1024,90,354,28655,1
vz,1024,91,348,28642,1
vz,1024,92,381,28476,1
vz,1024,93,347,28292,1
vz,1024,94,366,28250,1
vz,1024,95,3035,28787,1
vz,1024,96,601,28719,1
vz,1024,97,483,29337,1
vz,1024,98,556,29175,1
vz,1024,99,559,29017,1
vz,1024,100,376,28829,1
vz,1024,101,367,28694,1
vz,1024,102,407,27942,1
vz,1024,103,373,27909,1
vz,1024,104,406,28114,1
vz,1024,105,349,28385,1
vz,1024,106,375,28270,1
vz,1024,107,360,28430,1
vz,1024,108,370,28375,1
vz,1024,109,366,28627,1
vz,1024,110,348,28512,1
vz,1024,111,350,28162,1
vz,1024,112,365,28105,1
vz,1024,113,396,28548,1
vz,1024,114,327,28433,1
vz,1024,115,345,28003,1
vz,1024,116,398,28059,1
vz,1024,117,368,28001,1
vz,1024,118,395,28224,1
vz,1024,119,366,28127,1
vz,1024,120,367,27840,1
vz,1024,121,361,27825,1
vz,1024,122,397,28326,1
vz,1024,123,410,28250,1
vz,2048,0,340,33406,1
vz,2048,1,260,32987,1
vz,2048,2,391,32882,1
vz,2048,3,331,33477,1
vz,2048,4,356,33388,1
vz,2048,5,347,33278,1
vz,2048,6,335,33229,1
vz,2048,7,260,33117,1
vz,2048,8,353,33034,1
vz,2048,9,385,32946,1
vz,2048,10,248,32487,1
vz,2048,11,361,32412,1
vz,2048,12,387,32727,1
vz,2048,13,348,32652,1
vz,2048,14,279,32541,1
vz,2048,15,264,32031,1
vz,2048,16,389,31919,1
vz,2048,17,334,32220,1
vz,2048,18,333,32128,1
vz,2048,19,346,31975,1
vz,2048,20,268,31860,1
vz,2048,21,371,31788,1
vz,2048,22,341,32055,1
vz,2048,23,353,31984,1
vz,2048,24,339,31841,1
vz,2048,25,330,30649,1
vz,2048,26,365,30514,1
vz,2048,27,356,30409,1
vz,2048,28,357,30445,1
vz,2048,29,379,30467,1
vz,2048,30,355,30328,1
vz,2048,31,274,30622,1
vz,2048,32,356,30802,1
vz,2048,33,375,30600,1
vz,2048,34,342,30266,1
vz,2048,35,262,30042,1
vz,2048,36,358,29956,1
vz,2048,37,387,30292,1
vz,2048,38,304,29681,1
vz,2048,39,352,29548,1
vz,2048,40,336,29214,1
vz,2048,41,255,29861,1
vz,2048,42,352,29500,1
vz,2048,43,354,29162,1
vz,2048,44,352,29053,1
vz,2048,45,350,29468,1
vz,2048,46,356,29249,1
vz,2048,47,372,29057,1
vz,2048,48,389,28418,1
vz,2048,49,363,28696,1
vz,2048,50,380,29882,1
vz,2048,51,391,30014,1
vz,2048,52,387,29713,1
vz,2048,53,351,29559,1
vz,2048,54,353,29395,1
vz,2048,55,347,29195,1
vz,2048,56,349,28922,1
vz,2048,57,271,28810,1
vz,2048,58,377,28973,1
vz,2048,59,374,29254,1
vz,2048,60,264,29231,1
vz,2048,61,366,28984,1
vz,2048,62,374,29002,1
vz,2048,63,367,28983,1
vz,2048,64,296,29241,1
vz,2048,65,329,29442,1
vz,2048,66,363,29093,1
vz,2048,67,345,29037,1
vz,2048,68,351,29457,1
vz,2048,69,331,29282,1
vz,2048,70,365,28973,1
vz,2048,71,385,28856,1
vz,2048,72,409,28535,1
vz,2048,73,377,29114,1
vz,2048,74,368,29619,1
vz,2048,75,349,29134,1
vz,2048,76,330,28989,1
vz,2048,77,357,28326,1
vz,2048,78,394,28273,1
vz,2048,79,366,28237,1
vz,2048,80,344,28613,1
vz,2048,81,353,28557,1
vz,2048,82,375,28519,1
vz,2048,83,358,28323,1
vz,2048,84,256,28650,1
vz,2048,85,346,28566,1
vz,2048,86,352,28889,1
vz,2048,87,343,28737,1
vz,2048,88,337,28530,1
vz,2048,89,348,28469,1
vz,2048,90,353,28480,1
vz,2048,91,338,28466,1
vz,2048,92,347,28198,1
vz,2048,93,375,28337,1
vz,2048,94,260,28193,1
vz,2048,95,338,28708,1
vz,2048,96,352,28645,1
vz,2048,97,378,28291,1
vz,2048,98,359,28251,1
vz,2048,99,391,28366,1
vz,2048,100,254,28410,1
vz,2048,101,368,28339,1
vz,2048,102,389,28014,1
vz,2048,103,432,27501,1
vz,2048,104,392,28011,1
vz,2048,105,365,27919,1
vz,2048,106,388,27901,1
vz,2048,107,273,27709,1
vz,2048,108,465,27765,1
vz,2048,109,379,27912,1
vz,2048,110,347,27591,1
vz,2048,111,416,27616,1
vz,2048,112,343,27567,1
vz,2048,113,280,27908,1
vz,2048,114,374,27773,1
vz,2048,115,358,27654,1
vz,2048,116,353,27662,1
vz,2048,117,383,27694,1
vz,2048,118,336,27624,1
vz,2048,119,377,27280,1
vz,2048,120,369,27226,1
vz,2048,121,361,27181,1
vz,2048,122,363,27671,1
vz,2048,123,371,26621,1
vz,4096,0,345,35169,1
vz,4096,1,265,34746,1
vz,4096,2,347,34401,1
vz,4096,3,333,34276,1
vz,4096,4,257,33968,1
vz,4096,5,350,33573,1
vz,4096,6,328,33287,1
vz,4096,7,263,32988,1
vz,4096,8,260,32832,1
vz,4096,9,256,32553,1
vz,4096,10,281,32245,1
vz,4096,11,348,31735,1
vz,4096,12,360,31540,1
vz,4096,13,357,31394,1
vz,4096,14,354,31628,1
vz,4096,15,257,31494,1
vz,4096,16,349,31302,1
vz,4096,17,366,31144,1
vz,4096,18,374,30995,1
vz,4096,19,349,30871,1
vz,4096,20,351,31207,1
vz,4096,21,347,30607,1
vz,4096,22,253,30309,1
vz,4096,23,348,30161,1
vz,4096,24,352,30671,1
vz,4096,25,347,30547,1
vz,4096,26,254,30375,1
vz,4096,27,364,30229,1
vz,4096,28,351,30071,1
vz,4096,29,259,29897,1
vz,4096,30,259,29731,1
vz,4096,31,355,28785,1
vz,4096,32,497,28177,1
vz,4096,33,372,28370,1
vz,4096,34,347,29321,1
vz,4096,35,346,29270,1
vz,4096,36,347,28938,1
vz,4096,37,352,28814,1
vz,4096,38,376,28943,1
vz,4096,39,371,28934,1
vz,4096,40,344,28537,1
vz,4096,41,366,28473,1
vz,4096,42,369,28434,1
vz,4096,43,376,29098,1
vz,4096,44,250,28734,1
vz,4096,45,365,28584,1
vz,4096,46,377,28582,1
vz,4096,47,354,28155,1
vz,4096,48,367,28131,1
vz,4096,49,353,28212,1
vz,4096,50,381,28184,1
vz,4096,51,379,28246,1
vz,4096,52,368,27912,1
vz,4096,53,355,28451,1
vz,4096,54,356,28309,1
vz,4096,55,358,28368,1
vz,4096,56,353,28282,1
vz,4096,57,373,28518,1
vz,4096,58,359,28170,1
vz,4096,59,371,27950,1
vz,4096,60,368,27942,1
vz,4096,61,353,27936,1
vz,4096,62,350,28237,1
vz,4096,63,368,28011,1
vz,4096,64,365,27779,1
vz,4096,65,364,27382,1
vz,4096,66,369,28196,1
vz,4096,67,3428,28431,1
vz,4096,68,369,28198,1
vz,4096,69,351,27914,1
vz,4096,70,366,27570,1
vz,4096,71,359,27511,1
vz,4096,72,365,27500,1
vz,4096,73,339,27853,1
vz,4096,74,354,27676,1
vz,4096,75,373,27552,1
vz,4096,76,363,27500,1
vz,4096,77,375,27474,1
vz,4096,78,375,27355,1
vz,4096,79,372,26969,1
vz,4096,80,357,26849,1
vz,4096,81,347,26793,1
vz,4096,82,363,27123,1
vz,4096,83,350,27142,1
vz,4096,84,368,26620,1
vz,4096,85,368,26510,1
vz,4096,86,474,26057,1
vz,4096,87,353,26207,1
vz,4096,88,281,25955,1
vz,4096,89,371,25905,1
vz,4096,90,375,25426,1
vz,4096,91,360,25844,1
vz,4096,92,259,25895,1
vz,4096,93,366,25707,1
vz,4096,94,349,25409,1
vz,4096,95,369,25257,1
vz,4096,96,359,25267,1
vz,4096,97,374,25284,1
vz,4096,98,373,25017,1
vz,4096,99,374,25002,1
vz,4096,100,372,24895,1
vz,4096,101,359,25161,1
vz,4096,102,345,24933,1
vz,4096,103,368,24914,1
vz,4096,104,347,24872,1
vz,4096,105,350,24841,1
vz,4096,106,258,24840,1
vz,4096,107,358,24753,1
vz,4096,108,376,24518,1
vz,4096,109,365,24544,1
vz,4096,110,370,24457,1
vz,4096,111,345,24870,1
vz,4096,112,387,24290,1
vz,4096,113,374,24302,1
vz,4096,114,360,24311,1
vz,4096,115,369,24542,1
vz,4096,116,373,24420,1
vz,4096,117,371,24425,1
vz,4096,118,356,24326,1
vz,4096,119,374,24468,1
vz,4096,120,388,24593,1
vz,4096,121,540,24306,1
vz,4096,122,351,24306,1
vz,4096,123,357,24473,1
krun,1024,0,141,37285,1
krun,1024,1,118,37105,1
krun,1024,2,136,36932,1
krun,1024,3,118,36792,1
krun,1024,4,116,36631,1
krun,1024,5,115,36479,1
krun,1024,6,120,36335,1
krun,1024,7,116,36186,1
krun,1024,8,114,36043,1
krun,1024,9,120,35902,1
krun,1024,10,117,35766,1
krun,1024,11,118,35617,1
krun,1024,12,122,34999,1
krun,1024,13,120,34575,1
krun,1024,14,134,34429,1
krun,1024,15,137,34275,1
krun,1024,16,120,34123,1
krun,1024,17,136,33894,1
krun,1024,18,136,34268,1
krun,1024,19,138,34599,1
krun,1024,20,115,34521,1
krun,1024,21,114,34405,1
krun,1024,22,138,34336,1
krun,1024,23,119,34005,1
krun,1024,24,119,33871,1
krun,1024,25,116,33785,1
krun,1024,26,121,33693,1
krun,1024,27,117,33612,1
krun,1024,28,120,33540,1
krun,1024,29,116,33779,1
krun,1024,30,136,34091,1
krun,1024,31,122,34035,1
krun,1024,32,119,33905,1
krun,1024,33,137,33815,1
krun,1024,34,141,33426,1
krun,1024,35,135,33285,1
krun,1024,36,135,33173,1
krun,1024,37,116,33068,1
krun,1024,38,116,32992,1
krun,1024,39,133,32896,1
krun,1024,40,120,33261,1
krun,1024,41,138,33201,1
krun,1024,42,121,33090,1
krun,1024,43,136,32989,1
krun,1024,44,121,32899,1
krun,1024,45,119,32804,1
krun,1024,46,116,32573,1
krun,1024,47,120,32445,1
krun,1024,48,132,32368,1
krun,1024,49,136,31829,1
krun,1024,50,121,31771,1
krun,1024,51,117,31675,1
krun,1024,52,121,31621,1
krun,1024,53,120,31566,1
krun,1024,54,122,32014,1
krun,1024,55,118,31621,1
krun,1024,56,140,31515,1
krun,1024,57,115,31132,1
krun,1024,58,120,31003,1
krun,1024,59,122,30797,1
krun,1024,60,138,30654,1
krun,1024,61,120,30575,1
krun,1024,62,119,30927,1
krun,1024,63,137,30879,1
krun,1024,64,135,30860,1
krun,1024,65,122,30771,1
krun,1024,66,122,30676,1
krun,1024,67,121,30580,1
krun,1024,68,117,30471,1
krun,1024,69,118,30841,1
krun,1024,70,123,30556,1
krun,1024,71,118,30467,1
krun,1024,72,122,30377,1
krun,1024,73,131,30290,1
krun,1024,74,142,30199,1
krun,1024,75,122,30125,1
krun,1024,76,122,30141,1
krun,1024,77,117,29861,1
krun,1024,78,120,29690,1
krun,1024,79,120,29618,1
krun,1024,80,136,29543,1
krun,1024,81,119,29440,1
krun,1024,82,120,29354,1
krun,1024,83,120,29284,1
krun,1024,84,140,29613,1
krun,1024,85,121,29777,1
krun,1024,86,124,29726,1
krun,1024,87,119,29361,1
krun,1024,88,118,29215,1
krun,1024,89,118,29122,1
krun,1024,90,115,28669,1
krun,1024,91,121,28296,1
krun,1024,92,117,28359,1
krun,1024,93,120,28430,1
krun,1024,94,123,28533,1
krun,1024,95,142,28994,1
krun,1024,96,122,28911,1
krun,1024,97,123,29260,1
krun,1024,98,118,28993,1
krun,1024,99,123,28886,1
krun,1024,100,123,31669,1
krun,1024,101,122,31349,1
krun,1024,102,117,31190,1
krun,1024,103,129,30854,1
krun,1024,104,124,31155,1
krun,1024,105,120,31065,1
krun,1024,106,118,31005,1
krun,1024,107,119,30894,1
krun,1024,108,122,30796,1
krun,1024,109,119,30777,1
krun,1024,110,122,30703,1
krun,1024,111,120,30617,1
krun,1024,112,119,30514,1
krun,1024,113,120,30454,1
krun,1024,114,119,30354,1
krun,1024,115,119,30127,1
krun,1024,116,120,30302,1
krun,1024,117,124,30222,1
krun,1024,118,118,29934,1
krun,1024,119,122,29793,1
krun,1024,120,122,29323,1
krun,1024,121,123,29292,1
krun,1024,122,121,29197,1
krun,1024,123,119,29095,1
krun,2048,0,5268,34688,1
krun,2048,1,292,35518,1
krun,2048,2,149,34993,1
krun,2048,3,266,34909,1
krun,2048,4,118,34770,1
krun,2048,5,5352,35175,1
krun,2048,6,270,35118,1
krun,2048,7,5245,35019,1
krun,2048,8,138,34557,1
krun,2048,9,119,34444,1
krun,2048,10,131,34352,1
krun,2048,11,117,34465,1
krun,2048,12,121,34390,1
krun,2048,13,139,34329,1
krun,2048,14,117,34642,1
krun,2048,15,117,34539,1
krun,2048,16,136,34460,1
krun,2048,17,139,34346,1
krun,2048,18,117,34303,1
krun,2048,19,136,34221,1
krun,2048,20,120,34117,1
krun,2048,21,117,34000,1
krun,2048,22,136,33908,1
krun,2048,23,116,33869,1
krun,2048,24,120,33786,1
krun,2048,25,118,33681,1
krun,2048,26,116,33620,1
krun,2048,27,115,33535,1
krun,2048,28,120,33021,1
krun,2048,29,132,32626,1
krun,2048,30,118,32437,1
krun,2048,31,118,32335,1
krun,2048,32,121,32227,1
krun,2048,33,117,32117,1
krun,2048,34,136,32225,1
krun,2048,35,121,32523,1
krun,2048,36,115,32435,1
krun,2048,37,117,32353,1
krun,2048,38,118,32250,1
krun,2048,39,118,32180,1
krun,2048,40,119,32147,1
krun,2048,41,125,32027,1
krun,2048,42,119,31955,1
krun,2048,43,121,31833,1
krun,2048,44,117,31732,1
krun,2048,45,117,31630,1
krun,2048,46,117,31565,1
krun,2048,47,119,31452,1
krun,2048,48,118,31376,1
krun,2048,49,120,31263,1
krun,2048,50,137,31164,1
krun,2048,51,115,30851,1
krun,2048,52,118,30739,1
krun,2048,53,121,30621,1
krun,2048,54,118,30514,1
krun,2048,55,121,30410,1
krun,2048,56,140,30312,1
krun,2048,57,116,30207,1
krun,2048,58,120,30799,1
krun,2048,59,134,30662,1
krun,2048,60,118,30256,1
krun,2048,61,138,30089,1
krun,2048,62,117,29922,1
krun,2048,63,119,29928,1
krun,2048,64,118,29879,1
krun,2048,65,121,29814,1
krun,2048,66,121,29753,1
krun,2048,67,138,29770,1
krun,2048,68,144,29952,1
krun,2048,69,121,29856,1
krun,2048,70,122,29839,1
krun,2048,71,119,29822,1
krun,2048,72,123,29981,1
krun,2048,73,121,29938,1
krun,2048,74,117,31439,1
krun,2048,75,117,31437,1
krun,2048,76,121,31367,1
krun,2048,77,119,31252,1
krun,2048,78,117,31142,1
krun,2048,79,120,31499,1
krun,2048,80,118,31004,1
krun,2048,81,120,30907,1
krun,2048,82,139,30817,1
krun,2048,83,118,30708,1
krun,2048,84,116,30615,1
krun,2048,85,115,30590,1
krun,2048,86,119,30598,1
krun,2048,87,122,30442,1
krun,2048,88,119,30128,1
krun,2048,89,122,30284,1
krun,2048,90,123,30190,1
krun,2048,91,117,30121,1
krun,2048,92,120,30053,1
krun,2048,93,119,29956,1
krun,2048,94,117,29928,1
krun,2048,95,137,29898,1
krun,2048,96,136,29842,1
krun,2048,97,243,29438,1
krun,2048,98,122,29402,1
krun,2048,99,120,29344,1
krun,2048,100,122,29455,1
krun,2048,101,142,29394,1
krun,2048,102,120,29308,1
krun,2048,103,5250,29904,1
krun,2048,104,145,29713,1
krun,2048,105,117,30021,1
krun,2048,106,136,29889,1
krun,2048,107,120,29745,1
krun,2048,108,137,29555,1
krun,2048,109,117,28902,1
krun,2048,110,136,28919,1
krun,2048,111,143,28845,1
krun,2048,112,138,28724,1
krun,2048,113,115,28662,1
krun,2048,114,119,28622,1
krun,2048,115,119,29072,1
krun,2048,116,5242,29560,1
krun,2048,117,143,29480,1
krun,2048,118,121,29355,1
krun,2048,119,117,29218,1
krun,2048,120,121,29062,1
krun,2048,121,121,28872,1
krun,2048,122,144,28446,1
krun,2048,123,5251,28800,1
krun,4096,0,114,38411,1
krun,4096,1,117,38160,1
krun,4096,2,118,37894,1
krun,4096,3,121,37613,1
krun,4096,4,118,37346,1
krun,4096,5,124,37171,1
krun,4096,6,139,36603,1
krun,4096,7,138,36348,1
krun,4096,8,121,36116,1
krun,4096,9,118,35840,1
krun,4096,10,118,35555,1
krun,4096,11,116,35281,1
krun,4096,12,118,35256,1
krun,4096,13,117,34991,1
krun,4096,14,122,34692,1
krun,4096,15,137,34475,1
krun,4096,16,116,34393,1
krun,4096,17,119,34203,1
krun,4096,18,122,34089,1
krun,4096,19,120,33929,1
krun,4096,20,116,33325,1
krun,4096,21,137,33150,1
krun,4096,22,121,32982,1
krun,4096,23,116,32797,1
krun,4096,24,118,32602,1
krun,4096,25,120,32433,1
krun,4096,26,5251,32465,1
krun,4096,27,117,32390,1
krun,4096,28,121,32384,1
krun,4096,29,116,32179,1
krun,4096,30,121,32006,1
krun,4096,31,118,31627,1
krun,4096,32,115,31490,1
krun,4096,33,117,31309,1
krun,4096,34,117,31214,1
krun,4096,35,116,31008,1
krun,4096,36,115,30817,1
krun,4096,37,5244,31140,1
krun,4096,38,118,30822,1
krun,4096,39,135,30543,1
krun,4096,40,135,30380,1
krun,4096,41,118,30355,1
krun,4096,42,235,30329,1
krun,4096,43,5236,31322,1
krun,4096,44,120,31096,1
krun,4096,45,137,30901,1
krun,4096,46,120,30620,1
krun,4096,47,122,30348,1
krun,4096,48,5231,30997,1
krun,4096,49,136,30754,1
krun,4096,50,118,30570,1
krun,4096,51,116,30371,1
krun,4096,52,141,30191,1
krun,4096,53,117,30570,1
krun,4096,54,120,30375,1
krun,4096,55,123,30192,1
krun,4096,56,5225,30450,1
krun,4096,57,138,30297,1
krun,4096,58,121,30299,1
krun,4096,59,119,30101,1
krun,4096,60,5240,30615,1
krun,4096,61,240,30581,1
krun,4096,62,239,30729,1
krun,4096,63,241,30653,1
krun,4096,64,238,30459,1
krun,4096,65,236,30400,1
krun,4096,66,5233,30432,1
krun,4096,67,5232,30056,1
krun,4096,68,240,30200,1
krun,4096,69,5230,30735,1
krun,4096,70,141,30516,1
krun,4096,71,120,30394,1
krun,4096,72,120,30118,1
krun,4096,73,5238,29054,1
krun,4096,74,232,28923,1
krun,4096,75,234,28948,1
krun,4096,76,229,28918,1
krun,4096,77,238,28548,1
krun,4096,78,232,28548,1
krun,4096,79,5238,29118,1
krun,4096,80,121,28813,1
krun,4096,81,291,28264,1
krun,4096,82,5226,28496,1
krun,4096,83,238,28579,1
krun,4096,84,5223,28367,1
krun,4096,85,121,28186,1
krun,4096,86,122,27970,1
krun,4096,87,243,28119,1
krun,4096,88,235,28001,1
krun,4096,89,235,27868,1
krun,4096,90,232,27773,1
krun,4096,91,236,27662,1
krun,4096,92,235,27294,1
krun,4096,93,235,27310,1
krun,4096,94,218,27560,1
krun,4096,95,231,27539,1
krun,4096,96,240,27473,1
krun,4096,97,240,27547,1
krun,4096,98,5231,27281,1
krun,4096,99,5244,27270,1
krun,4096,100,232,27172,1
krun,4096,101,239,27135,1
krun,4096,102,236,26927,1
krun,4096,103,240,26871,1
krun,4096,104,239,26783,1
krun,4096,105,239,26725,1
krun,4096,106,234,26647,1
krun,4096,107,242,26538,1
krun,4096,108,238,26551,1
krun,4096,109,5235,26580,1
krun,4096,110,243,26695,1
krun,4096,111,144,26561,1
krun,4096,112,237,26499,1
krun,4096,113,240,26384,1
krun,4096,114,239,26205,1
krun,4096,115,238,26094,1
krun,4096,116,242,26026,1
krun,4096,117,242,26063,1
krun,4096,118,5241,26076,1
krun,4096,119,252,25916,1
krun,4096,120,238,25872,1
krun,4096,121,235,25725,1
krun,4096,122,245,25698,1
krun,4096,123,241,25617,1
