ts_unix,elapsed_s,phase,guest_total_mib,guest_used_mib,guest_avail_mib,balloon_target_mib,balloon_held_mib,max_mib,host_fp_mib,psi_some,psi_full,host_free_mib
1781302058,0.0,vz/mem=1024,32039,794,31245,32768,0,32768,3633,0.00,0.00,35161
1781302060,2.1,vz/mem=1024,32039,790,31249,32768,0,32768,4377,0.00,0.00,34319
1781302062,4.1,vz/mem=1024,32039,790,31249,32768,0,32768,5110,0.00,0.00,33845
1781302064,6.1,vz/mem=1024,32039,790,31249,32768,0,32768,5850,0.00,0.00,33428
1781302066,8.1,vz/mem=1024,32039,790,31249,32768,0,32768,6590,0.00,0.00,32832
1781302068,10.2,vz/mem=1024,32039,790,31248,32768,0,32768,7325,0.00,0.00,32290
1781302070,12.2,vz/mem=1024,32039,794,31245,32768,0,32768,8066,0.00,0.00,32165
1781302072,14.2,vz/mem=1024,32039,788,31250,32768,0,32768,8807,0.00,0.00,31430
1781302074,16.3,vz/mem=1024,32039,10568,21471,2835,29933,32768,9555,0.00,0.00,31068
1781302076,18.3,vz/mem=1024,32039,30728,1311,2835,29933,32768,10293,0.00,0.00,30611
1781302078,20.3,vz/mem=1024,32039,30728,1310,2835,29933,32768,11157,0.00,0.00,30430
1781302080,22.4,vz/mem=1024,32039,30723,1316,2835,29933,32768,11910,0.00,0.00,29596
1781302082,24.4,vz/mem=1024,32039,30722,1317,2835,29933,32768,12648,0.00,0.00,29587
1781302084,26.4,vz/mem=1024,32039,30714,1325,2835,29933,32768,13384,0.00,0.00,28354
1781302086,28.4,vz/mem=1024,32039,30714,1325,2835,29933,32768,10990,0.00,0.00,30076
1781302088,30.5,vz/mem=1024,32039,30712,1326,2835,29933,32768,11737,0.00,0.00,29738
1781302090,32.5,vz/mem=1024,32039,30711,1328,2835,29933,32768,12464,0.00,0.00,29658
1781302092,34.5,vz/mem=1024,32039,30710,1328,2835,29933,32768,13075,0.00,0.00,28987
1781302094,36.6,vz/mem=1024,32039,30710,1329,2835,29933,32768,12819,0.00,0.00,28839
1781302096,38.6,vz/mem=1024,32039,30697,1342,2835,29933,32768,13567,0.00,0.00,28257
1781302098,40.8,vz/mem=1024,32039,30697,1342,2835,29933,32768,13376,0.00,0.00,28798
1781302101,43.0,vz/mem=1024,32039,30696,1342,2835,29933,32768,13476,0.00,0.00,28682
1781302103,45.1,vz/mem=1024,32039,30697,1342,2835,29933,32768,13927,0.00,0.00,28996
1781302105,47.1,vz/mem=1024,32039,30696,1342,2835,29933,32768,14618,0.00,0.00,28114
1781302107,49.2,vz/mem=1024,32039,30697,1342,2835,29933,32768,15333,0.00,0.00,28338
1781302109,51.2,vz/mem=1024,32039,30699,1340,2835,29933,32768,15400,0.00,0.00,28130
1781302111,53.2,vz/mem=1024,32039,30699,1340,2835,29933,32768,15719,0.00,0.00,27997
1781302113,55.3,vz/mem=1024,32039,30699,1340,2835,29933,32768,16462,0.00,0.00,27774
1781302115,57.3,vz/mem=1024,32039,30700,1339,2835,29933,32768,16297,0.00,0.00,28223
1781302117,59.3,vz/mem=1024,32039,30700,1339,2835,29933,32768,16300,0.00,0.00,27878
1781302119,61.4,vz/mem=1024,32039,30700,1339,2835,29933,32768,16299,0.00,0.00,28273
1781302121,63.4,vz/mem=1024,32039,30700,1339,2835,29933,32768,16299,0.00,0.00,28341
1781302123,65.4,vz/mem=1024,32039,30700,1339,2835,29933,32768,16205,0.00,0.00,27926
1781302125,67.5,vz/mem=1024,32039,30700,1339,2835,29933,32768,16205,0.00,0.00,28047
1781302127,69.5,vz/mem=1024,32039,30701,1338,2835,29933,32768,16205,0.00,0.00,28388
1781302129,71.5,vz/mem=1024,32039,30701,1338,2835,29933,32768,16157,0.00,0.00,28005
1781302131,73.6,vz/mem=1024,32039,30701,1338,2835,29933,32768,16157,0.00,0.00,28401
1781302133,75.6,vz/mem=1024,32039,30701,1338,2835,29933,32768,16157,0.00,0.00,28467
1781302135,77.6,vz/mem=1024,32039,30701,1337,2835,29933,32768,15856,0.00,0.00,28589
1781302137,79.7,vz/mem=1024,32039,30701,1338,2835,29933,32768,15353,0.00,0.00,28881
1781302139,81.7,vz/mem=1024,32039,30701,1338,2835,29933,32768,14852,0.00,0.00,29139
1781302141,83.7,vz/mem=1024,32039,30701,1338,2835,29933,32768,14353,0.00,0.00,28884
1781302143,85.8,vz/mem=1024,32039,30702,1337,2835,29933,32768,13753,0.00,0.00,28929
1781302145,87.8,vz/mem=1024,32039,30701,1337,2835,29933,32768,13349,0.00,0.00,29850
1781302147,89.8,vz/mem=1024,32039,30701,1337,2835,29933,32768,12843,0.00,0.00,30164
1781302149,91.9,vz/mem=1024,32039,30702,1336,2835,29933,32768,12339,0.00,0.00,30345
1781302151,93.9,vz/mem=1024,32039,30707,1332,2835,29933,32768,11835,0.00,0.00,29498
1781302153,95.9,vz/mem=1024,32039,30707,1332,2835,29933,32768,11330,0.00,0.00,30695
1781302155,98.0,vz/mem=1024,32039,30708,1330,2835,29933,32768,10828,0.00,0.00,31021
1781302157,100.0,vz/mem=1024,32039,30708,1331,2835,29933,32768,10625,0.00,0.00,31239
1781302160,102.1,vz/mem=1024,32039,30706,1333,2835,29933,32768,10524,0.00,0.00,31155
1781302162,104.4,vz/mem=1024,32039,30707,1332,2835,29933,32768,10127,0.00,0.00,31362
1781302164,106.4,vz/mem=1024,32039,30706,1333,2835,29933,32768,9623,0.00,0.00,31095
1781302166,108.5,vz/mem=1024,32039,30706,1333,2835,29933,32768,9118,0.00,0.00,31957
1781302168,110.5,vz/mem=1024,32039,30702,1337,2835,29933,32768,8614,0.00,0.00,31975
1781302170,112.5,vz/mem=1024,32039,30702,1337,2835,29933,32768,8111,0.00,0.00,31542
1781302172,114.6,vz/mem=1024,32039,30702,1337,2835,29933,32768,7609,0.00,0.00,32436
1781302174,116.6,vz/mem=1024,32039,30702,1337,2835,29933,32768,7105,0.00,0.00,32749
1781302176,118.6,vz/mem=1024,32039,30704,1335,2835,29933,32768,6603,0.00,0.00,32436
1781302178,120.7,vz/mem=1024,32039,30704,1335,2835,29933,32768,5997,0.00,0.00,32966
1781302180,122.7,vz/mem=1024,32039,30704,1335,2835,29933,32768,5491,0.00,0.00,32810
1781302182,124.7,vz/mem=1024,32039,30704,1335,2835,29933,32768,4986,0.00,0.00,33251
1781302184,126.8,vz/mem=1024,32039,30704,1335,2835,29933,32768,4482,0.00,0.00,33382
1781302186,128.8,vz/mem=1024,32039,30704,1335,2835,29933,32768,3977,0.00,0.00,33693
1781302188,130.8,vz/mem=2048,32039,30704,1334,2835,29933,32768,4094,0.00,0.00,32926
1781302190,132.9,vz/mem=2048,32039,30704,1334,2835,29933,32768,4862,0.00,0.00,33225
1781302192,134.9,vz/mem=2048,32039,30703,1335,2835,29933,32768,5717,0.00,0.00,32413
1781302194,136.9,vz/mem=2048,32039,30703,1335,2835,29933,32768,6565,0.00,0.00,31916
1781302196,139.0,vz/mem=2048,32039,30704,1335,2835,29933,32768,7400,0.00,0.00,31731
1781302198,141.0,vz/mem=2048,32039,30704,1335,2835,29933,32768,8099,0.00,0.00,30628
1781302201,143.0,vz/mem=2048,32039,30704,1335,2835,29933,32768,8945,0.00,0.00,30350
1781302203,145.0,vz/mem=2048,32039,30703,1336,2835,29933,32768,9781,0.00,0.00,30054
1781302205,147.1,vz/mem=2048,32039,30704,1335,2835,29933,32768,10632,0.00,0.00,29449
1781302207,149.1,vz/mem=2048,32039,30704,1335,2835,29933,32768,11340,0.00,0.00,29099
1781302209,151.1,vz/mem=2048,32039,30704,1335,2835,29933,32768,12187,0.00,0.00,28638
1781302211,153.2,vz/mem=2048,32039,30704,1335,2835,29933,32768,10602,0.00,0.00,29514
1781302213,155.2,vz/mem=2048,32039,30705,1334,2835,29933,32768,11444,0.00,0.00,28974
1781302215,157.2,vz/mem=2048,32039,30706,1333,2835,29933,32768,12149,0.00,0.00,28981
1781302217,159.3,vz/mem=2048,32039,30706,1333,2835,29933,32768,12570,0.00,0.00,29004
1781302219,161.3,vz/mem=2048,32039,30706,1333,2835,29933,32768,13251,0.00,0.00,28534
1781302221,163.4,vz/mem=2048,32039,30706,1333,2835,29933,32768,13565,0.00,0.00,28680
1781302223,165.4,vz/mem=2048,32039,30707,1332,2835,29933,32768,14164,0.00,0.00,28552
1781302225,167.4,vz/mem=2048,32039,30707,1332,2835,29933,32768,14489,0.00,0.00,28908
1781302227,169.5,vz/mem=2048,32039,30707,1331,2835,29933,32768,15079,0.00,0.00,28472
1781302229,171.5,vz/mem=2048,32039,30708,1331,2835,29933,32768,15575,0.00,0.00,28632
1781302231,173.5,vz/mem=2048,32039,30708,1331,2835,29933,32768,16284,0.00,0.00,28595
1781302233,175.6,vz/mem=2048,32039,30708,1331,2835,29933,32768,16714,0.00,0.00,28004
1781302235,177.6,vz/mem=2048,32039,30704,1334,2835,29933,32768,17170,0.00,0.00,28013
1781302237,179.6,vz/mem=2048,32039,30705,1333,2835,29933,32768,17824,0.00,0.00,27914
1781302239,181.7,vz/mem=2048,32039,30706,1333,2835,29933,32768,18561,0.00,0.00,27623
1781302241,183.7,vz/mem=2048,32039,30706,1333,2835,29933,32768,18955,0.00,0.00,27670
1781302243,185.7,vz/mem=2048,32039,30706,1333,2835,29933,32768,18937,0.00,0.00,26458
1781302245,187.8,vz/mem=2048,32039,30706,1333,2835,29933,32768,18939,0.00,0.00,27410
1781302247,189.8,vz/mem=2048,32039,30706,1333,2835,29933,32768,18939,0.00,0.00,27357
1781302249,192.0,vz/mem=2048,32039,30706,1332,2835,29933,32768,18938,0.00,0.00,27478
1781302252,194.1,vz/mem=2048,32039,30707,1332,2835,29933,32768,18938,0.00,0.00,27436
1781302254,196.1,vz/mem=2048,32039,30707,1332,2835,29933,32768,18938,0.00,0.00,26925
1781302256,198.1,vz/mem=2048,32039,30707,1332,2835,29933,32768,18938,0.00,0.00,27123
1781302258,200.2,vz/mem=2048,32039,30707,1331,2835,29933,32768,18938,0.00,0.00,27081
1781302260,202.2,vz/mem=2048,32039,30707,1331,2835,29933,32768,18936,0.00,0.00,26546
1781302262,204.3,vz/mem=2048,32039,30707,1331,2835,29933,32768,18936,0.00,0.00,26881
1781302264,206.3,vz/mem=2048,32039,30708,1331,2835,29933,32768,18445,0.00,0.00,26278
1781302266,208.3,vz/mem=2048,32039,30708,1331,2835,29933,32768,17833,0.00,0.00,27127
1781302268,210.4,vz/mem=2048,32039,30708,1330,2835,29933,32768,17223,0.00,0.00,27325
1781302270,212.4,vz/mem=2048,32039,30709,1330,2835,29933,32768,16609,0.00,0.00,28725
1781302272,214.4,vz/mem=2048,32039,30709,1330,2835,29933,32768,15995,0.00,0.00,27873
1781302274,216.5,vz/mem=2048,32039,30709,1330,2835,29933,32768,15259,0.00,0.00,28924
1781302276,218.5,vz/mem=2048,32039,30710,1328,2835,29933,32768,14645,0.00,0.00,28323
1781302278,220.5,vz/mem=2048,32039,30710,1329,2835,29933,32768,14027,0.00,0.00,28671
1781302280,222.6,vz/mem=2048,32039,30710,1328,2835,29933,32768,13412,0.00,0.00,29556
1781302282,224.6,vz/mem=2048,32039,30709,1330,2835,29933,32768,12797,0.00,0.00,30014
1781302284,226.6,vz/mem=2048,32039,30710,1329,2835,29933,32768,12060,0.00,0.00,30139
1781302286,228.7,vz/mem=2048,32039,30710,1329,2835,29933,32768,11444,0.00,0.00,30823
1781302288,230.7,vz/mem=2048,32039,30710,1329,2835,29933,32768,10828,0.00,0.00,30552
1781302290,232.7,vz/mem=2048,32039,30710,1329,2835,29933,32768,10213,0.00,0.00,31007
1781302292,234.8,vz/mem=2048,32039,30710,1329,2835,29933,32768,9598,0.00,0.00,31412
1781302294,236.8,vz/mem=2048,32039,30710,1329,2835,29933,32768,8984,0.00,0.00,32273
1781302296,238.8,vz/mem=2048,32039,30710,1329,2835,29933,32768,8371,0.00,0.00,32170
1781302298,240.9,vz/mem=2048,32039,30706,1333,2835,29933,32768,7757,0.00,0.00,32970
1781302300,242.9,vz/mem=2048,32039,30706,1333,2835,29933,32768,7146,0.00,0.00,33182
1781302302,244.9,vz/mem=2048,32039,30707,1332,2835,29933,32768,6528,0.00,0.00,33068
1781302304,247.0,vz/mem=2048,32039,30707,1332,2835,29933,32768,5788,0.00,0.00,33608
1781302306,249.0,vz/mem=2048,32039,30706,1333,2835,29933,32768,5296,0.00,0.00,33982
1781302309,251.0,vz/mem=2048,32039,30706,1333,2835,29933,32768,4680,0.00,0.00,34157
1781302311,253.1,vz/mem=2048,32039,30706,1333,2835,29933,32768,4063,0.00,0.00,35737
1781302313,255.1,vz/mem=4096,32039,30706,1332,2835,29933,32768,4520,0.00,0.00,34448
1781302315,257.1,vz/mem=4096,32039,30707,1332,2835,29933,32768,5903,0.00,0.00,32802
1781302317,259.1,vz/mem=4096,32039,30708,1331,2835,29933,32768,7547,0.00,0.00,31364
1781302319,261.2,vz/mem=4096,32039,30708,1331,2835,29933,32768,8929,0.00,0.00,30968
1781302321,263.2,vz/mem=4096,32039,30708,1331,2835,29933,32768,10309,0.00,0.00,30167
1781302323,265.2,vz/mem=4096,32039,30709,1329,2835,29933,32768,11690,0.00,0.00,30073
1781302325,267.3,vz/mem=4096,32039,30710,1329,2835,29933,32768,13070,0.00,0.00,28368
1781302327,269.3,vz/mem=4096,32039,30710,1329,2835,29933,32768,12933,0.00,0.00,28929
1781302329,271.3,vz/mem=4096,32039,30711,1328,2835,29933,32768,14205,0.00,0.00,28407
1781302331,273.4,vz/mem=4096,32039,30715,1324,2835,29933,32768,15479,0.00,0.00,28118
1781302333,275.4,vz/mem=4096,32039,30715,1324,2835,29933,32768,16467,0.00,0.00,28307
1781302335,277.4,vz/mem=4096,32039,30716,1323,2835,29933,32768,17277,0.00,0.00,28484
1781302337,279.5,vz/mem=4096,32039,30719,1320,2835,29933,32768,18548,0.00,0.00,28255
1781302339,281.5,vz/mem=4096,32039,30715,1324,2835,29933,32768,19103,0.00,0.00,28192
1781302341,283.6,vz/mem=4096,32039,30715,1324,2835,29933,32768,19365,0.00,0.00,28516
1781302343,285.7,vz/mem=4096,32039,30714,1325,2835,29933,32768,19665,0.00,0.00,28200
1781302345,287.7,vz/mem=4096,32039,30713,1326,2835,29933,32768,20754,0.00,0.00,27845
1781302347,289.8,vz/mem=4096,32039,30712,1326,2835,29933,32768,21977,0.00,0.00,27368
1781302349,291.8,vz/mem=4096,32039,30712,1327,2835,29933,32768,23251,0.00,0.00,26934
1781302351,293.8,vz/mem=4096,32039,30711,1327,2835,29933,32768,23958,0.00,0.00,26213
1781302353,295.9,vz/mem=4096,32039,30712,1327,2835,29933,32768,25193,0.00,0.00,25898
1781302355,297.9,vz/mem=4096,32039,30712,1327,2835,29933,32768,26429,0.00,0.00,25268
1781302357,299.9,vz/mem=4096,32039,30709,1330,2835,29933,32768,27498,0.00,0.00,24929
1781302359,301.9,vz/mem=4096,32039,30709,1330,2835,29933,32768,28700,0.00,0.00,24765
1781302361,304.0,vz/mem=4096,32039,30708,1330,2835,29933,32768,29754,0.00,0.00,24743
1781302364,306.0,vz/mem=4096,32039,30709,1330,2835,29933,32768,30828,0.00,0.00,24424
1781302366,308.1,vz/mem=4096,32039,30709,1330,2835,29933,32768,31515,0.00,0.00,24309
1781302368,310.1,vz/mem=4096,32039,30709,1330,2835,29933,32768,32292,0.00,0.00,24455
1781302370,312.1,vz/mem=4096,32039,30709,1330,2835,29933,32768,32061,0.00,0.00,24989
1781302372,314.2,vz/mem=4096,32039,30709,1330,2835,29933,32768,32063,0.00,0.00,24767
1781302374,316.2,vz/mem=4096,32039,30709,1330,2835,29933,32768,32064,0.00,0.00,25049
1781302376,318.2,vz/mem=4096,32039,30709,1330,2835,29933,32768,32066,0.00,0.00,24990
1781302378,320.3,vz/mem=4096,32039,30709,1329,2835,29933,32768,32067,0.00,0.00,24973
1781302380,322.3,vz/mem=4096,32039,30709,1329,2835,29933,32768,32068,0.00,0.00,24652
1781302382,324.3,vz/mem=4096,32039,30709,1329,2835,29933,32768,32070,0.00,0.00,25041
1781302384,326.4,vz/mem=4096,32039,30710,1329,2835,29933,32768,32070,0.00,0.00,24224
1781302386,328.4,vz/mem=4096,32039,30710,1329,2835,29933,32768,32070,0.00,0.00,24987
1781302388,330.5,vz/mem=4096,32039,30710,1329,2835,29933,32768,31612,0.00,0.00,25244
1781302390,332.5,vz/mem=4096,32039,30710,1329,2835,29933,32768,30470,0.00,0.00,26200
1781302392,334.5,vz/mem=4096,32039,30710,1329,2835,29933,32768,29326,0.00,0.00,25421
1781302394,336.5,vz/mem=4096,32039,30710,1329,2835,29933,32768,28181,0.00,0.00,26035
1781302396,338.6,vz/mem=4096,32039,30714,1325,2835,29933,32768,27038,0.00,0.00,26602
1781302398,340.6,vz/mem=4096,32039,30715,1324,2835,29933,32768,26124,0.00,0.00,27295
1781302400,342.9,vz/mem=4096,32039,30715,1324,2835,29933,32768,26124,0.00,0.00,27295
1781302403,345.3,vz/mem=4096,32039,30715,1324,2835,29933,32768,25212,0.00,0.00,28071
1781302405,347.3,vz/mem=4096,32039,30715,1324,2835,29933,32768,24067,0.00,0.00,27884
1781302407,349.3,vz/mem=4096,32039,30715,1324,2835,29933,32768,22922,0.00,0.00,28540
1781302409,351.4,vz/mem=4096,32039,30715,1324,2835,29933,32768,21775,0.00,0.00,28004
1781302411,353.4,vz/mem=4096,32039,30715,1323,2835,29933,32768,20631,0.00,0.00,28573
1781302413,355.4,vz/mem=4096,32039,30715,1323,2835,29933,32768,19486,0.00,0.00,29425
1781302415,357.5,vz/mem=4096,32039,30715,1323,2835,29933,32768,18342,0.00,0.00,29419
1781302417,359.5,vz/mem=4096,32039,30716,1323,2835,29933,32768,16971,0.00,0.00,30524
1781302419,361.5,vz/mem=4096,32039,30716,1323,2835,29933,32768,15829,0.00,0.00,30807
1781302421,363.6,vz/mem=4096,32039,30716,1323,2835,29933,32768,14685,0.00,0.00,31445
1781302423,365.6,vz/mem=4096,32039,30716,1323,2835,29933,32768,13541,0.00,0.00,31914
1781302425,367.7,vz/mem=4096,32039,30716,1323,2835,29933,32768,12396,0.00,0.00,32153
1781302427,369.7,vz/mem=4096,32039,30716,1323,2835,29933,32768,11251,0.00,0.00,32786
1781302429,371.7,vz/mem=4096,32039,30716,1323,2835,29933,32768,10335,0.00,0.00,33170
1781302431,373.8,vz/mem=4096,32039,30716,1322,2835,29933,32768,9190,0.00,0.00,33834
1781302433,375.8,vz/mem=4096,32039,30716,1322,2835,29933,32768,8275,0.00,0.00,34418
1781302435,377.9,vz/mem=4096,32039,30717,1322,2835,29933,32768,7133,0.00,0.00,35047
1781302437,379.9,vz/mem=4096,32039,30717,1322,2835,29933,32768,5760,0.00,0.00,36049
1781302439,381.9,vz/mem=4096,32039,30717,1322,2835,29933,32768,4615,0.00,0.00,36836
1781302441,384.0,krun/mem=1024,32039,30717,1322,2835,29933,32768,3700,0.00,0.00,37300
1781302443,386.0,krun/mem=1024,32039,30717,1322,2835,29933,32768,3700,0.00,0.00,35613
1781302446,388.0,krun/mem=1024,32039,30716,1322,2835,29933,32768,3700,0.00,0.00,34307
1781302448,390.1,krun/mem=1024,32039,30716,1322,2835,29933,32768,3700,0.00,0.00,33815
1781302450,392.1,krun/mem=1024,32039,30715,1324,2835,29933,32768,3700,0.00,0.00,32896
1781302452,394.1,krun/mem=1024,32039,30716,1323,2835,29933,32768,3700,0.00,0.00,32011
1781302454,396.2,krun/mem=1024,32039,30717,1322,2835,29933,32768,3700,0.00,0.00,30770
1781302456,398.2,krun/mem=1024,32039,30710,1329,2835,29933,32768,3701,0.00,0.00,30147
1781302458,400.2,krun/mem=1024,32039,30710,1329,2835,29933,32768,3701,0.00,0.00,29662
1781302460,402.3,krun/mem=1024,32039,30710,1328,2835,29933,32768,3701,0.00,0.00,28929
1781302462,404.3,krun/mem=1024,32039,30711,1328,2835,29933,32768,3701,0.00,0.00,30779
1781302464,406.3,krun/mem=1024,32039,30711,1328,2835,29933,32768,3701,0.00,0.00,29321
1781302466,408.4,krun/mem=1024,32039,30708,1331,2835,29933,32768,3701,0.00,0.00,29475
1781302468,410.4,krun/mem=1024,32039,30707,1332,2835,29933,32768,3701,0.00,0.00,29154
1781302470,412.4,krun/mem=1024,32039,30707,1331,2835,29933,32768,3701,0.00,0.00,28710
1781302472,414.5,krun/mem=1024,32039,30708,1331,2835,29933,32768,3701,0.00,0.00,29241
1781302474,416.5,krun/mem=1024,32039,30709,1330,2835,29933,32768,3701,0.00,0.00,29943
1781302476,418.6,krun/mem=1024,32039,30709,1330,2835,29933,32768,3701,0.00,0.00,29383
1781302478,420.6,krun/mem=1024,32039,30709,1330,2835,29933,32768,3701,0.00,0.00,30272
1781302480,422.6,krun/mem=1024,32039,30708,1331,2835,29933,32768,3701,0.00,0.00,30313
1781302482,424.7,krun/mem=1024,32039,30708,1331,2835,29933,32768,3701,0.00,0.00,29846
1781302484,426.7,krun/mem=1024,32039,30708,1330,2835,29933,32768,3701,0.00,0.00,30091
1781302486,428.7,krun/mem=1024,32039,30709,1330,2835,29933,32768,3701,0.00,0.00,30312
1781302488,430.8,krun/mem=1024,32039,30709,1330,2835,29933,32768,3701,0.00,0.00,30777
1781302490,432.8,krun/mem=1024,32039,30702,1337,2835,29933,32768,3701,0.00,0.00,30892
1781302492,434.8,krun/mem=1024,32039,30703,1336,2835,29933,32768,3701,0.00,0.00,31218
1781302494,436.9,krun/mem=1024,32039,30702,1337,2835,29933,32768,3701,0.00,0.00,32043
1781302496,438.9,krun/mem=1024,32039,30703,1336,2835,29933,32768,3701,0.00,0.00,32339
1781302498,441.0,krun/mem=1024,32039,30703,1336,2835,29933,32768,3701,0.00,0.00,32679
1781302500,443.0,krun/mem=1024,32039,30703,1336,2835,29933,32768,3701,0.00,0.00,32753
1781302503,445.0,krun/mem=1024,32039,30703,1336,2835,29933,32768,3701,0.00,0.00,33296
1781302505,447.1,krun/mem=1024,32039,30703,1336,2835,29933,32768,3701,0.00,0.00,33772
1781302507,449.1,krun/mem=1024,32039,30703,1336,2835,29933,32768,3701,0.00,0.00,34792
1781302509,451.1,krun/mem=1024,32039,30703,1336,2835,29933,32768,3701,0.00,0.00,35280
1781302511,453.2,krun/mem=1024,32039,30703,1335,2835,29933,32768,3701,0.00,0.00,34962
1781302513,455.2,krun/mem=1024,32039,30703,1335,2835,29933,32768,3701,0.00,0.00,34591
1781302515,457.2,krun/mem=2048,32039,30703,1335,2835,29933,32768,3701,0.00,0.00,35314
1781302517,459.3,krun/mem=2048,32039,30706,1333,2835,29933,32768,3703,0.00,0.00,34752
1781302519,461.3,krun/mem=2048,32039,30706,1333,2835,29933,32768,3704,0.00,0.00,34372
1781302521,463.4,krun/mem=2048,32039,30706,1332,2835,29933,32768,3704,0.00,0.00,34628
1781302523,465.4,krun/mem=2048,32039,30708,1331,2835,29933,32768,3704,0.00,0.00,35183
1781302525,467.4,krun/mem=2048,32039,30707,1332,2835,29933,32768,3704,0.00,0.00,34769
1781302527,469.5,krun/mem=2048,32039,30707,1332,2835,29933,32768,3704,0.00,0.00,35095
1781302529,471.5,krun/mem=2048,32039,30708,1331,2835,29933,32768,3704,0.00,0.00,35101
1781302531,473.6,krun/mem=2048,32039,30708,1331,2835,29933,32768,3704,0.00,0.00,34963
1781302533,475.6,krun/mem=2048,32039,30708,1331,2835,29933,32768,3704,0.00,0.00,34639
1781302535,477.6,krun/mem=2048,32039,30707,1331,2835,29933,32768,3704,0.00,0.00,33698
1781302537,479.7,krun/mem=2048,32039,30708,1331,2835,29933,32768,3704,0.00,0.00,32352
1781302539,481.7,krun/mem=2048,32039,30708,1331,2835,29933,32768,3704,0.00,0.00,31359
1781302541,483.7,krun/mem=2048,32039,30708,1330,2835,29933,32768,3704,0.00,0.00,30659
1781302543,485.7,krun/mem=2048,32039,30708,1330,2835,29933,32768,3704,0.00,0.00,29854
1781302545,487.8,krun/mem=2048,32039,30709,1330,2835,29933,32768,3704,0.00,0.00,30997
1781302547,489.8,krun/mem=2048,32039,30709,1330,2835,29933,32768,3704,0.00,0.00,30068
1781302549,491.8,krun/mem=2048,32039,30708,1330,2835,29933,32768,3704,0.00,0.00,29327
1781302551,493.9,krun/mem=2048,32039,30708,1330,2835,29933,32768,3704,0.00,0.00,28945
1781302553,495.9,krun/mem=2048,32039,30708,1330,2835,29933,32768,3704,0.00,0.00,30326
1781302555,497.9,krun/mem=2048,32039,30708,1331,2835,29933,32768,3704,0.00,0.00,29772
1781302557,500.0,krun/mem=2048,32039,30708,1331,2835,29933,32768,3704,0.00,0.00,28692
1781302559,502.0,krun/mem=2048,32039,30709,1330,2835,29933,32768,3704,0.00,0.00,29565
1781302562,504.1,krun/mem=2048,32039,30709,1330,2835,29933,32768,3704,0.00,0.00,29584
1781302564,506.1,krun/mem=2048,32039,30709,1330,2835,29933,32768,3704,0.00,0.00,28531
1781302566,508.1,krun/mem=2048,32039,30708,1331,2835,29933,32768,3704,0.00,0.00,28804
1781302568,510.2,krun/mem=2048,32039,30708,1331,2835,29933,32768,3704,0.00,0.00,29141
1781302570,512.2,krun/mem=2048,32039,30709,1330,2835,29933,32768,3704,0.00,0.00,28769
1781302572,514.2,krun/mem=2048,32039,30708,1331,2835,29933,32768,3704,0.00,0.00,28666
1781302574,516.3,krun/mem=2048,32039,30709,1330,2835,29933,32768,3704,0.00,0.00,28539
1781302576,518.3,krun/mem=2048,32039,30707,1331,2835,29933,32768,3704,0.00,0.00,28323
1781302578,520.4,krun/mem=2048,32039,30707,1331,2835,29933,32768,3704,0.00,0.00,28415
1781302580,522.4,krun/mem=2048,32039,30707,1331,2835,29933,32768,3704,0.00,0.00,28961
1781302582,524.4,krun/mem=2048,32039,30708,1331,2835,29933,32768,3704,0.00,0.00,28951
1781302584,526.5,krun/mem=2048,32039,30708,1331,2835,29933,32768,3704,0.00,0.00,28964
1781302586,528.5,krun/mem=2048,32039,30708,1331,2835,29933,32768,3704,0.00,0.00,29180
1781302588,530.5,krun/mem=2048,32039,30708,1331,2835,29933,32768,3704,0.00,0.00,28870
1781302590,532.6,krun/mem=2048,32039,30709,1330,2835,29933,32768,3704,0.00,0.00,28834
1781302592,534.6,krun/mem=2048,32039,30709,1330,2835,29933,32768,3704,0.00,0.00,29901
1781302594,536.6,krun/mem=2048,32039,30709,1330,2835,29933,32768,3704,0.00,0.00,30927
1781302596,538.7,krun/mem=2048,32039,30709,1330,2835,29933,32768,3704,0.00,0.00,30733
1781302598,540.7,krun/mem=2048,32039,30709,1330,2835,29933,32768,3704,0.00,0.00,31712
1781302600,542.8,krun/mem=2048,32039,30709,1330,2835,29933,32768,3704,0.00,0.00,32007
1781302602,544.8,krun/mem=2048,32039,30707,1332,2835,29933,32768,3704,0.00,0.00,32778
1781302604,546.8,krun/mem=2048,32039,30707,1332,2835,29933,32768,3704,0.00,0.00,33012
1781302606,548.9,krun/mem=2048,32039,30707,1332,2835,29933,32768,3704,0.00,0.00,33966
1781302608,550.9,krun/mem=2048,32039,30707,1332,2835,29933,32768,3704,0.00,0.00,34206
1781302610,552.9,krun/mem=2048,32039,30707,1332,2835,29933,32768,3704,0.00,0.00,35485
1781302612,555.0,krun/mem=2048,32039,30708,1331,2835,29933,32768,3704,0.00,0.00,36332
1781302614,557.0,krun/mem=2048,32039,30708,1331,2835,29933,32768,3704,0.00,0.00,37174
1781302617,559.0,krun/mem=2048,32039,30709,1330,2835,29933,32768,3704,0.00,0.00,37835
1781302619,561.1,krun/mem=4096,32039,30709,1330,2835,29933,32768,3704,0.00,0.00,38689
1781302621,563.1,krun/mem=4096,32039,30709,1330,2835,29933,32768,3704,0.00,0.00,35552
1781302623,565.1,krun/mem=4096,32039,30709,1330,2835,29933,32768,3704,0.00,0.00,33151
1781302625,567.2,krun/mem=4096,32039,30705,1333,2835,29933,32768,3704,0.00,0.00,32583
1781302627,569.2,krun/mem=4096,32039,30706,1333,2835,29933,32768,3704,0.00,0.00,32634
1781302629,571.2,krun/mem=4096,32039,30706,1332,2835,29933,32768,3704,0.00,0.00,32398
1781302631,573.2,krun/mem=4096,32039,30708,1330,2835,29933,32768,3704,0.00,0.00,31342
1781302633,575.3,krun/mem=4096,32039,30704,1335,2835,29933,32768,3704,0.00,0.00,30500
1781302635,577.3,krun/mem=4096,32039,30703,1336,2835,29933,32768,3704,0.00,0.00,30642
1781302637,579.3,krun/mem=4096,32039,30705,1334,2835,29933,32768,3704,0.00,0.00,30295
1781302639,581.4,krun/mem=4096,32039,30705,1334,2835,29933,32768,3705,0.00,0.00,29464
1781302641,583.4,krun/mem=4096,32039,30705,1334,2835,29933,32768,3705,0.00,0.00,30628
1781302643,585.4,krun/mem=4096,32039,30703,1336,2835,29933,32768,3705,0.00,0.00,30292
1781302645,587.5,krun/mem=4096,32039,30703,1336,2835,29933,32768,3705,0.00,0.00,31164
1781302647,589.5,krun/mem=4096,32039,30703,1336,2835,29933,32768,3705,0.00,0.00,31289
1781302649,591.5,krun/mem=4096,32039,30703,1336,2835,29933,32768,3705,0.00,0.00,30579
1781302651,593.6,krun/mem=4096,32039,30703,1335,2835,29933,32768,3705,0.00,0.00,30482
1781302653,595.6,krun/mem=4096,32039,30703,1335,2835,29933,32768,3705,0.00,0.00,30487
1781302655,597.6,krun/mem=4096,32039,30704,1335,2835,29933,32768,3705,0.00,0.00,30298
1781302657,599.7,krun/mem=4096,32039,30708,1331,2835,29933,32768,3705,0.00,0.00,30532
1781302659,601.7,krun/mem=4096,32039,30708,1331,2835,29933,32768,3705,0.00,0.00,30512
1781302661,603.7,krun/mem=4096,32039,30708,1331,2835,29933,32768,3705,0.00,0.00,30724
1781302663,605.8,krun/mem=4096,32039,30708,1331,2835,29933,32768,3705,0.00,0.00,30793
1781302665,607.8,krun/mem=4096,32039,30708,1331,2835,29933,32768,3705,0.00,0.00,30767
1781302667,609.8,krun/mem=4096,32039,30708,1331,2835,29933,32768,3705,0.00,0.00,30437
1781302669,611.9,krun/mem=4096,32039,30741,1298,2835,29933,32768,3729,0.00,0.00,30494
1781302671,613.9,krun/mem=4096,32039,30741,1298,2835,29933,32768,3729,0.00,0.00,30709
1781302673,615.9,krun/mem=4096,32039,30741,1298,2835,29933,32768,3729,0.00,0.00,30087
1781302675,618.0,krun/mem=4096,32039,30741,1298,2835,29933,32768,3729,0.00,0.00,29802
1781302677,620.0,krun/mem=4096,32039,30715,1324,2835,29933,32768,3761,0.00,0.00,30721
1781302680,622.0,krun/mem=4096,32039,30716,1323,2835,29933,32768,3761,0.00,0.00,29868
1781302682,624.1,krun/mem=4096,32039,30716,1323,2835,29933,32768,3761,0.00,0.00,29065
1781302684,626.1,krun/mem=4096,32039,30714,1325,2835,29933,32768,3761,0.00,0.00,29276
1781302686,628.1,krun/mem=4096,32039,30722,1317,2835,29933,32768,3763,0.00,0.00,28423
1781302688,630.2,krun/mem=4096,32039,30720,1318,2835,29933,32768,3763,0.00,0.00,28329
1781302690,632.2,krun/mem=4096,32039,30718,1320,2835,29933,32768,3763,0.00,0.00,29089
1781302692,634.2,krun/mem=4096,32039,30718,1321,2835,29933,32768,3763,0.00,0.00,28181
1781302694,636.3,krun/mem=4096,32039,30718,1321,2835,29933,32768,3763,0.00,0.00,28649
1781302696,638.3,krun/mem=4096,32039,30713,1326,2835,29933,32768,3763,0.00,0.00,28318
1781302698,640.3,krun/mem=4096,32039,30713,1325,2835,29933,32768,3763,0.00,0.00,28493
1781302700,642.4,krun/mem=4096,32039,30713,1325,2835,29933,32768,3763,0.00,0.00,28649
1781302702,644.4,krun/mem=4096,32039,30713,1325,2835,29933,32768,3763,0.00,0.00,28356
1781302704,646.4,krun/mem=4096,32039,30714,1324,2835,29933,32768,3763,0.00,0.00,27724
1781302706,648.5,krun/mem=4096,32039,30712,1326,2835,29933,32768,3763,0.00,0.00,27430
1781302708,650.5,krun/mem=4096,32039,30712,1327,2835,29933,32768,3763,0.00,0.00,26962
1781302710,652.5,krun/mem=4096,32039,30708,1331,2835,29933,32768,3763,0.00,0.00,27497
1781302712,654.6,krun/mem=4096,32039,30708,1331,2835,29933,32768,3763,0.00,0.00,27698
1781302714,656.6,krun/mem=4096,32039,30708,1331,2835,29933,32768,3763,0.00,0.00,27800
1781302716,658.7,krun/mem=4096,32039,30709,1329,2835,29933,32768,3763,0.00,0.00,27263
1781302718,660.7,krun/mem=4096,32039,30710,1329,2835,29933,32768,3763,0.00,0.00,26788
1781302720,662.7,krun/mem=4096,32039,30710,1329,2835,29933,32768,3763,0.00,0.00,26532
1781302722,664.8,krun/mem=4096,32039,30710,1329,2835,29933,32768,3763,0.00,0.00,26550
1781302724,666.8,krun/mem=4096,32039,30710,1329,2835,29933,32768,3763,0.00,0.00,26585
1781302726,668.9,krun/mem=4096,32039,30710,1329,2835,29933,32768,3763,0.00,0.00,26191
1781302728,670.9,krun/mem=4096,32039,30710,1328,2835,29933,32768,3763,0.00,0.00,26035
1781302730,672.9,krun/mem=4096,32039,30711,1328,2835,29933,32768,3763,0.00,0.00,25915
1781302732,675.0,krun/mem=4096,32039,30711,1328,2835,29933,32768,3763,0.00,0.00,26068
1781302735,677.0,krun/mem=4096,32039,30711,1327,2835,29933,32768,3763,0.00,0.00,25655
1781302737,679.1,krun/mem=4096,32039,30711,1328,2835,29933,32768,3763,0.00,0.00,25361
1781302739,681.1,krun/mem=4096,32039,30711,1328,2835,29933,32768,3763,0.00,0.00,25003
1781302741,683.2,krun/mem=4096,32039,30711,1328,2835,29933,32768,3763,0.00,0.00,24745
1781302743,685.2,krun/mem=4096,32039,30711,1327,2835,29933,32768,3763,0.00,0.00,25213
1781302745,687.2,krun/mem=4096,32039,30711,1328,2835,29933,32768,3763,0.00,0.00,24832
1781302747,689.3,krun/mem=4096,32039,30711,1328,2835,29933,32768,3763,0.00,0.00,25464
1781302749,691.3,krun/mem=4096,32039,30711,1328,2835,29933,32768,3763,0.00,0.00,25640
1781302751,693.4,krun/mem=4096,32039,30711,1327,2835,29933,32768,3763,0.00,0.00,24825
1781302753,695.4,krun/mem=4096,32039,30712,1327,2835,29933,32768,3763,0.00,0.00,25078
1781302755,697.4,krun/mem=4096,32039,30712,1327,2835,29933,32768,3763,0.00,0.00,25282
1781302757,699.5,krun/mem=4096,32039,30716,1322,2835,29933,32768,3763,0.00,0.00,26726
1781302759,701.5,krun/mem=4096,32039,30717,1322,2835,29933,32768,3763,0.00,0.00,26470
1781302761,703.6,krun/mem=4096,32039,30717,1322,2835,29933,32768,3763,0.00,0.00,28550
1781302763,705.6,krun/mem=4096,32039,30717,1322,2835,29933,32768,3763,0.00,0.00,28155
1781302765,707.6,krun/mem=4096,32039,30718,1321,2835,29933,32768,3763,0.00,0.00,28421
1781302767,709.6,krun/mem=4096,32039,30719,1319,2835,29933,32768,3763,0.00,0.00,29196
1781302769,711.7,krun/mem=4096,32039,30721,1317,2835,29933,32768,3763,0.00,0.00,29662
1781302771,713.7,krun/mem=4096,32039,30721,1317,2835,29933,32768,3763,0.00,0.00,30220
1781302773,715.7,krun/mem=4096,32039,30721,1317,2835,29933,32768,3763,0.00,0.00,30541
1781302775,717.8,krun/mem=4096,32039,30722,1317,2835,29933,32768,3763,0.00,0.00,31593
1781302777,719.8,krun/mem=4096,32039,30722,1317,2835,29933,32768,3763,0.00,0.00,32138
1781302779,721.8,krun/mem=4096,32039,30722,1317,2835,29933,32768,3763,0.00,0.00,33771
1781302781,723.9,krun/mem=4096,32039,30722,1317,2835,29933,32768,3763,0.00,0.00,35255
