max_ram_mib,workload,n,running,batch_ms_median,fp_mib,held_mib,guest_avail_mib,psi_some,errors_cum
32768,idle,10,10,453,4008,29780,1191,0.00,0
32768,idle,20,20,464,4097,29780,1106,0.00,0
32768,idle,30,30,455,4187,29780,1030,0.00,0
32768,idle,40,40,452,4266,29780,949,0.00,0
32768,idle,50,50,443,4352,29780,852,0.00,0
32768,idle,60,60,466,4427,29258,1310,0.00,0
32768,idle,70,70,462,4522,29258,1218,0.00,0
32768,idle,80,80,475,4611,29258,1127,0.00,0
32768,idle,90,90,450,4674,29258,1077,0.00,0
32768,idle,100,100,457,4748,29258,1000,0.00,0
32768,idle,110,110,464,4850,29258,911,0.00,0
32768,idle,120,120,464,4946,29258,795,0.00,0
32768,idle,130,130,466,5019,28734,1266,0.00,0
32768,idle,140,140,456,5137,28734,1179,0.00,0
32768,idle,150,150,448,5211,28734,1106,0.00,0
32768,idle,160,160,452,5278,28734,1032,0.00,0
32768,idle,170,170,465,5361,28734,939,0.00,0
32768,idle,180,180,460,5444,28734,856,0.00,0
32768,idle,190,190,457,5569,28214,1296,0.00,0
32768,idle,200,200,459,5713,28214,1200,0.00,0
32768,idle,210,210,468,5791,28214,1162,0.00,0
32768,idle,220,220,454,5874,28214,1124,0.00,0
32768,idle,230,230,468,5909,28214,989,0.00,0
32768,idle,240,240,454,5961,28214,869,0.00,0
32768,idle,250,250,456,6013,28214,823,0.00,0
32768,idle,260,260,460,6118,27681,1251,0.00,0
32768,idle,270,270,465,6228,27681,1207,0.00,0
32768,idle,280,280,458,6306,27681,1138,0.00,0
32768,idle,290,290,465,6373,27681,1084,0.00,0
32768,idle,300,300,581,6507,27681,972,0.00,0
32768,idle,310,310,527,6553,27681,944,0.00,0
32768,idle,320,320,538,6631,27152,1317,0.00,0
32768,idle,330,330,528,6730,27152,1218,0.00,0
32768,idle,340,340,526,6832,27152,1154,0.00,0
32768,idle,350,350,515,6915,27152,1072,0.00,0
32768,idle,360,360,525,7020,27152,971,0.00,0
32768,idle,370,370,458,7106,27152,910,0.00,0
32768,idle,380,380,463,7163,27152,821,0.00,0
32768,idle,390,390,455,7256,26601,1260,0.00,0
32768,idle,400,400,458,7353,26601,1189,0.00,0
32768,idle,410,410,461,7435,26601,1123,0.00,0
32768,idle,420,420,470,7550,26601,1010,0.00,0
32768,idle,430,430,458,7635,26601,936,0.00,0
32768,idle,440,440,453,7721,26601,875,0.00,0
32768,idle,450,450,454,7787,26088,1272,0.00,0
32768,idle,460,460,456,7888,26088,1196,0.00,0
32768,idle,470,470,464,7999,26088,1106,0.00,0
32768,idle,480,480,473,8088,26088,1026,0.00,0
32768,idle,490,490,480,8173,26088,972,0.00,0
32768,idle,500,500,445,8233,26088,855,0.00,0
32768,idle,510,510,462,8276,25552,1298,0.00,0
32768,idle,520,520,460,8403,25552,1196,0.00,0
32768,idle,530,530,457,8510,25552,1122,0.00,0
32768,idle,540,540,462,8585,25552,1073,0.00,0
32768,idle,550,550,455,8706,25552,955,0.00,0
32768,idle,560,560,466,8776,25552,925,0.00,0
32768,idle,570,570,464,8799,25552,800,0.00,0
32768,idle,580,580,470,8892,25022,1234,0.00,0
32768,idle,590,590,469,9018,25022,1166,0.00,0
32768,idle,600,600,462,9131,25022,1063,0.00,0
32768,idle,610,610,482,9206,25022,991,0.00,0
32768,idle,620,620,466,9297,25022,920,0.00,0
32768,idle,630,630,481,9336,24498,1321,0.00,0
32768,idle,640,640,469,9473,24498,1246,0.00,0
32768,idle,650,650,479,9568,24498,1163,0.00,0
32768,idle,660,660,475,9674,24498,1091,0.00,0
32768,idle,670,670,474,9774,24498,1006,0.00,0
32768,idle,680,680,477,9842,24498,944,0.00,0
32768,idle,690,690,462,9861,24498,805,0.00,0
32768,idle,700,700,455,9972,23984,1247,0.00,0
32768,idle,710,710,469,10083,23984,1177,0.00,0
32768,idle,720,720,461,10174,23984,1096,0.00,0
32768,idle,730,730,472,10269,23984,988,0.00,0
32768,idle,740,740,480,10358,23984,957,0.00,0
32768,idle,750,750,536,10375,23984,831,0.00,0
32768,idle,760,760,547,10478,23471,1244,0.00,0
32768,idle,770,770,544,10596,23471,1158,0.00,0
32768,idle,780,780,545,10689,23471,1087,0.00,0
32768,idle,790,790,534,10796,23471,986,0.00,0
32768,idle,800,800,481,10886,23471,940,0.00,0
32768,idle,810,810,486,10918,22958,1319,0.00,0
32768,idle,820,820,472,11004,22958,1250,0.00,0
32768,idle,830,830,478,11130,22958,1168,0.00,0
32768,idle,840,840,485,11232,22958,1085,0.00,0
32768,idle,850,850,462,11348,22958,988,0.00,0
32768,idle,860,860,488,11404,22958,930,0.00,0
32768,idle,870,870,467,11438,22442,1332,0.00,0
32768,idle,880,880,482,11549,22442,1254,0.00,0
32768,idle,890,890,478,11667,22442,1183,0.00,0
32768,idle,900,900,476,11755,22442,1103,0.00,0
32768,idle,910,910,477,11860,22442,1037,0.00,0
32768,idle,920,920,476,11932,22442,955,0.00,0
32768,idle,930,930,482,11964,22442,836,0.00,0
32768,idle,940,940,467,12094,21919,1255,0.00,0
32768,idle,950,950,467,12187,21919,1173,0.00,0
32768,idle,960,960,492,12284,21919,1087,0.00,0
32768,idle,970,970,501,12372,21919,1042,0.00,0
32768,idle,980,980,500,12461,21919,932,0.00,0
32768,idle,990,990,492,12510,21919,835,0.00,0
32768,idle,1000,1000,472,12603,21404,1243,0.00,0
32768,idle,1010,1010,496,12739,21404,1196,0.00,0
32768,idle,1020,1020,497,12845,21404,1103,0.00,0
32768,nginx,10,10,465,3844,0,30971,0.00,0
32768,nginx,20,20,468,4060,0,30799,0.00,0
32768,nginx,30,30,475,4261,0,30586,0.00,0
32768,nginx,40,40,460,4470,0,30395,0.00,0
32768,nginx,50,50,451,4693,0,30174,0.00,0
32768,nginx,60,60,467,4908,0,29968,0.00,0
32768,nginx,70,70,453,5143,0,29760,0.00,0
32768,nginx,80,80,472,5343,28250,27286,0.00,0
32768,nginx,90,90,464,5567,28250,1106,0.00,0
32768,nginx,100,100,460,5818,28250,869,0.00,0
32768,nginx,110,110,492,6021,27719,1190,0.00,0
32768,nginx,120,120,480,6259,27719,967,0.00,0
32768,nginx,130,130,474,6480,27175,1306,0.00,0
32768,nginx,140,140,469,6690,27175,1118,0.00,0
32768,nginx,150,150,456,6894,27175,903,0.00,0
32768,nginx,160,160,468,7196,26614,1204,0.00,0
32768,nginx,170,170,460,7436,26614,1050,0.00,0
32768,nginx,180,180,460,7530,26614,878,0.00,0
32768,nginx,190,190,463,7750,26097,1137,0.00,0
32768,nginx,200,200,473,7991,26097,939,0.00,0
32768,nginx,210,210,471,8130,25570,1295,0.00,0
32768,nginx,220,220,484,8382,25570,1044,0.00,0
32768,nginx,230,230,482,8592,25570,885,0.00,0
32768,nginx,240,240,565,8783,25054,1159,0.00,0
32768,nginx,250,250,532,9021,25054,932,0.00,0
32768,nginx,260,260,550,9182,24533,1315,0.00,0
32768,nginx,270,270,534,9402,24533,1094,0.00,0
32768,nginx,280,280,539,9636,24533,881,0.00,0
32768,nginx,290,290,547,9810,24009,1247,0.00,0
32768,nginx,300,300,471,10040,24009,1023,0.00,0
32768,nginx,310,310,468,10246,24009,810,0.00,0
32768,nginx,320,320,463,10478,23491,1113,0.00,0
32768,nginx,330,330,474,10693,23491,937,0.00,0
32768,nginx,340,340,473,10852,22958,1242,0.00,0
32768,nginx,350,350,487,11068,22958,1056,0.00,0
32768,nginx,360,360,473,11302,22958,829,0.00,0
32768,nginx,370,370,464,11522,22431,1139,0.00,0
32768,nginx,380,380,470,11732,22431,920,0.00,0
32768,nginx,390,390,444,11918,21902,1241,0.00,0
32768,nginx,400,400,454,12164,21902,1029,0.00,0
32768,nginx,410,410,446,12354,21902,862,0.00,0
32768,nginx,420,420,483,12574,21337,1188,0.00,0
32768,nginx,430,430,500,12811,21337,998,0.00,0
32768,nginx,440,440,485,13006,20807,1333,0.00,0
32768,nginx,450,450,464,13240,20807,1095,0.00,0
32768,nginx,460,460,470,13468,20807,899,0.00,0
32768,nginx,470,470,480,13662,20267,1212,0.00,0
32768,nginx,480,480,466,13880,20267,1020,0.00,0
32768,nginx,490,490,481,14066,20267,823,0.00,0
32768,nginx,500,500,464,14302,19715,1137,0.00,0
32768,nginx,510,510,485,14506,19715,957,0.00,0
32768,nginx,520,520,480,14693,19143,1310,0.00,0
32768,nginx,530,530,478,14935,19143,1098,0.00,0
32768,nginx,540,540,487,15172,19143,912,0.00,0
32768,nginx,550,550,463,15350,18608,1253,0.00,0
32768,nginx,560,560,484,15581,18608,1023,0.00,0
32768,nginx,570,570,496,15778,18608,844,0.00,0
32768,nginx,580,580,501,16015,18049,1152,0.00,0
32768,nginx,590,590,473,16217,18049,965,0.00,0
32768,nginx,600,600,497,16406,17487,1329,0.00,0
32768,nginx,610,610,503,16650,17487,1077,0.00,0
32768,nginx,620,620,496,16857,17487,923,0.00,0
32768,nginx,630,630,514,17031,16931,1275,0.00,0
32768,nginx,640,640,480,17268,16931,1043,0.00,0
32768,nginx,650,650,495,17484,16931,832,0.00,0
32768,nginx,660,660,480,17685,16409,1177,0.00,0
32768,nginx,670,670,499,17902,16409,966,0.00,0
32768,nginx,680,680,482,18091,15883,1297,0.00,0
32768,nginx,690,690,618,18343,15883,1079,0.00,0
32768,nginx,700,700,559,18548,15883,873,0.00,0
32768,nginx,710,710,553,18775,15298,1195,0.00,0
32768,nginx,720,720,546,18984,15298,1051,0.00,0
32768,nginx,730,730,556,19192,15298,818,0.00,0
32768,nginx,740,740,477,19417,14781,1130,0.00,0
32768,nginx,750,750,492,19634,14781,915,0.00,0
32768,nginx,760,760,481,19828,14255,1224,0.00,0
32768,nginx,770,770,491,20060,14255,1028,0.00,0
32768,nginx,780,780,495,20267,14255,834,0.00,0
32768,nginx,790,790,502,20472,13714,1148,0.00,0
32768,nginx,800,800,491,20712,13714,940,0.00,0
32768,nginx,810,810,484,20894,13162,1295,0.00,0
32768,nginx,820,820,522,21138,13162,1071,0.00,0
32768,nginx,830,830,519,21344,13162,900,0.00,0
32768,nginx,840,840,473,21543,12622,1223,0.00,0
32768,nginx,850,850,488,21796,12622,983,0.00,0
32768,nginx,860,860,484,21967,12087,1332,0.00,0
32768,nginx,870,870,482,22218,12087,1116,0.00,0
32768,nginx,880,880,500,22447,12087,897,0.00,0
32768,nginx,890,890,497,22550,12087,832,0.00,0
32768,nginx,900,900,497,22640,11559,1375,0.48,0
32768,nginx,910,910,498,22776,11559,1155,0.26,0
32768,nginx,920,920,498,22995,11559,940,0.14,0
32768,nginx,930,930,505,23154,11559,857,0.17,0
32768,nginx,940,940,515,23206,11033,1270,0.21,0
32768,nginx,950,950,500,23415,11033,1053,0.11,0
32768,nginx,960,960,494,23634,10519,1341,0.06,0
32768,nginx,970,970,501,23878,10519,1081,0.03,0
32768,nginx,980,980,494,24080,10519,915,0.01,0
32768,nginx,990,990,502,24201,10519,857,2.08,0
32768,nginx,1000,1000,501,24254,10519,914,6.45,0
32768,nginx,1010,1010,506,24302,9991,1242,7.07,0
32768,nginx,1020,1020,494,24502,9991,1002,3.88,0
65536,idle,10,10,454,4397,0,62996,0.00,0
65536,idle,20,20,448,4487,0,62935,0.00,0
65536,idle,30,30,459,4525,0,62888,0.00,0
65536,idle,40,40,456,4616,0,62813,0.00,0
65536,idle,50,50,447,4709,0,62722,0.00,0
65536,idle,60,60,487,4800,0,62637,0.00,0
65536,idle,70,70,459,4880,0,62551,0.00,0
65536,idle,80,80,463,5023,59785,9169,0.00,0
65536,idle,90,90,451,5118,59785,2603,0.00,0
65536,idle,100,100,458,5196,59785,2544,0.00,0
65536,idle,110,110,453,5293,59785,2442,0.00,0
65536,idle,120,120,451,5400,59785,2336,0.00,0
65536,idle,130,130,454,5465,59785,2287,0.00,0
65536,idle,140,140,460,5537,59255,2727,0.00,0
65536,idle,150,150,460,5630,59255,2642,0.00,0
65536,idle,160,160,448,5731,59255,2559,0.00,0
65536,idle,170,170,460,5836,59255,2470,0.00,0
65536,idle,180,180,450,5915,59255,2362,0.00,0
65536,idle,190,190,544,5997,59255,2308,0.00,0
65536,idle,200,200,532,6061,59255,2244,0.00,0
65536,idle,210,210,523,6181,58709,2647,0.00,0
65536,idle,220,220,529,6282,58709,2573,0.00,0
65536,idle,230,230,526,6364,58709,2516,0.00,0
65536,idle,240,240,518,6453,58709,2430,0.00,0
65536,idle,250,250,518,6536,58709,2336,0.00,0
65536,idle,260,260,475,6610,58709,2283,0.00,0
65536,idle,270,270,457,6710,58178,2715,0.00,0
65536,idle,280,280,466,6800,58178,2629,0.00,0
65536,idle,290,290,450,6897,58178,2526,0.00,0
65536,idle,300,300,475,6953,58178,2462,0.00,0
65536,idle,310,310,464,7026,58178,2404,0.00,0
65536,idle,320,320,459,7114,58178,2318,0.00,0
65536,idle,330,330,460,7186,58178,2272,0.00,0
65536,idle,340,340,451,7268,57624,2687,0.00,0
65536,idle,350,350,458,7358,57624,2622,0.00,0
65536,idle,360,360,466,7494,57624,2496,0.00,0
65536,idle,370,370,464,7586,57624,2421,0.00,0
65536,idle,380,380,459,7657,57624,2343,0.00,0
65536,idle,390,390,451,7720,57624,2288,0.00,0
65536,idle,400,400,458,7821,57084,2726,0.00,0
65536,idle,410,410,472,7919,57084,2646,0.00,0
65536,idle,420,420,455,7996,57084,2559,0.00,0
65536,idle,430,430,449,8091,57084,2463,0.00,0
65536,idle,440,440,452,8167,57084,2401,0.00,0
65536,idle,450,450,470,8251,57084,2336,0.00,0
65536,idle,460,460,458,8330,57084,2248,0.00,0
65536,idle,470,470,465,8409,56549,2684,0.00,0
65536,idle,480,480,460,8527,56549,2584,0.00,0
65536,idle,490,490,454,8604,56549,2503,0.00,0
65536,idle,500,500,456,8681,56549,2440,0.00,0
65536,idle,510,510,474,8790,56549,2304,0.00,0
65536,idle,520,520,458,8843,56549,2287,0.00,0
65536,idle,530,530,464,8951,56032,2699,0.00,0
65536,idle,540,540,466,9052,56032,2604,0.00,0
65536,idle,550,550,470,9157,56032,2479,0.00,0
65536,idle,560,560,455,9228,56032,2406,0.00,0
65536,idle,570,570,568,9317,56032,2333,0.00,0
65536,idle,580,580,521,9389,56032,2268,0.00,0
65536,idle,590,590,534,9495,55514,2658,0.00,0
65536,idle,600,600,531,9586,55514,2583,0.00,0
65536,idle,610,610,537,9681,55514,2506,0.00,0
65536,idle,620,620,520,9770,55514,2439,0.00,0
65536,idle,630,630,468,9862,55514,2349,0.00,0
65536,idle,640,640,467,9922,55514,2253,0.00,0
65536,idle,650,650,461,10032,54985,2683,0.00,0
65536,idle,660,660,468,10116,54985,2620,0.00,0
65536,idle,670,670,463,10215,54985,2520,0.00,0
65536,idle,680,680,458,10294,54985,2444,0.00,0
65536,idle,690,690,472,10398,54985,2355,0.00,0
65536,idle,700,700,468,10455,54985,2298,0.00,0
65536,idle,710,710,464,10552,54440,2704,0.00,0
65536,idle,720,720,462,10649,54440,2684,0.00,0
65536,idle,730,730,483,10739,54440,2566,0.00,0
65536,idle,740,740,486,10860,54440,2455,0.00,0
65536,idle,750,750,466,10926,54440,2395,0.00,0
65536,idle,760,760,473,10998,54440,2340,0.00,0
65536,idle,770,770,465,11084,53917,2730,0.00,0
65536,idle,780,780,474,11183,53917,2673,0.00,0
65536,idle,790,790,478,11279,53917,2596,0.00,0
65536,idle,800,800,474,11357,53917,2496,0.00,0
65536,idle,810,810,476,11438,53917,2434,0.00,0
65536,idle,820,820,464,11518,53917,2333,0.00,0
65536,idle,830,830,464,11597,53917,2230,0.00,0
65536,idle,840,840,482,11694,53368,2683,0.00,0
65536,idle,850,850,479,11795,53368,2595,0.00,0
65536,idle,860,860,462,11888,53368,2506,0.00,0
65536,idle,870,870,477,11971,53368,2446,0.00,0
65536,idle,880,880,476,12059,53368,2353,0.00,0
65536,idle,890,890,479,12133,53368,2317,0.00,0
65536,idle,900,900,461,12226,52849,2719,0.00,0
65536,idle,910,910,475,12313,52849,2629,0.00,0
65536,idle,920,920,478,12402,52849,2540,0.00,0
65536,idle,930,930,473,12494,52849,2451,0.00,0
65536,idle,940,940,481,12589,52849,2321,0.00,0
65536,idle,950,950,478,12660,52849,2291,0.00,0
65536,idle,960,960,473,12753,52333,2685,0.00,0
65536,idle,970,970,471,12871,52333,2620,0.00,0
65536,idle,980,980,473,12937,52333,2531,0.00,0
65536,idle,990,990,476,13049,52333,2451,0.00,0
65536,idle,1000,1000,488,13115,52333,2389,0.00,0
65536,idle,1010,1010,477,13189,52333,2335,0.00,0
65536,idle,1020,1020,563,13284,51809,2714,0.00,0
65536,nginx,10,10,465,4512,0,62880,0.00,0
65536,nginx,20,20,463,4737,0,62661,0.00,0
65536,nginx,30,30,475,4922,0,62482,0.00,0
65536,nginx,40,40,444,5120,0,62294,0.00,0
65536,nginx,50,50,453,5344,0,62108,0.00,0
65536,nginx,60,60,456,5546,0,61888,0.00,0
65536,nginx,70,70,464,5767,0,61675,0.00,0
65536,nginx,80,80,449,6033,58723,56961,0.00,0
65536,nginx,90,90,613,6254,58723,2547,0.00,0
65536,nginx,100,100,539,6456,58723,2354,0.00,0
65536,nginx,110,110,525,6655,58174,2697,0.00,0
65536,nginx,120,120,526,6935,58174,2451,0.00,0
65536,nginx,130,130,532,7132,58174,2288,0.00,0
65536,nginx,140,140,525,7334,57616,2572,0.00,0
65536,nginx,150,150,531,7548,57616,2392,0.00,0
65536,nginx,160,160,459,7717,57616,2228,0.00,0
65536,nginx,170,170,469,7961,57046,2553,0.00,0
65536,nginx,180,180,447,8190,57046,2366,0.00,0
65536,nginx,190,190,464,8367,56466,2745,0.00,0
65536,nginx,200,200,472,8607,56466,2510,0.00,0
65536,nginx,210,210,468,8836,56466,2323,0.00,0
65536,nginx,220,220,474,9005,55930,2682,0.00,0
65536,nginx,230,230,456,9235,55930,2462,0.00,0
65536,nginx,240,240,468,9433,55930,2244,0.00,0
65536,nginx,250,250,464,9654,55351,2579,0.00,0
65536,nginx,260,260,475,9864,55351,2415,0.00,0
65536,nginx,270,270,477,10066,54821,2737,0.00,0
65536,nginx,280,280,462,10294,54821,2528,0.00,0
65536,nginx,290,290,497,10502,54821,2300,0.00,0
65536,nginx,300,300,508,10690,54276,2694,0.00,0
65536,nginx,310,310,464,10877,54276,2476,0.00,0
65536,nginx,320,320,466,11111,54276,2267,0.00,0
65536,nginx,330,330,471,11358,53710,2577,0.00,0
65536,nginx,340,340,452,11573,53710,2386,0.00,0
65536,nginx,350,350,472,11755,53175,2734,0.00,0
65536,nginx,360,360,462,12006,53175,2477,0.00,0
65536,nginx,370,370,471,12194,53175,2308,0.00,0
65536,nginx,380,380,478,12417,52612,2669,0.00,0
65536,nginx,390,390,468,12629,52612,2456,0.00,0
65536,nginx,400,400,470,12835,52612,2267,0.00,0
65536,nginx,410,410,468,13054,52094,2569,0.00,0
65536,nginx,420,420,466,13273,52094,2360,0.00,0
65536,nginx,430,430,471,13458,51567,2679,0.00,0
65536,nginx,440,440,472,13694,51567,2468,0.00,0
65536,nginx,450,450,468,13879,51567,2269,0.00,0
65536,nginx,460,460,475,14097,51021,2614,0.00,0
65536,nginx,470,470,481,14305,51021,2391,0.00,0
65536,nginx,480,480,455,14522,50444,2748,0.00,0
65536,nginx,490,490,481,14753,50444,2515,0.00,0
65536,nginx,500,500,483,14965,50444,2348,0.00,0
65536,nginx,510,510,472,15175,49914,2677,0.00,0
65536,nginx,520,520,476,15389,49914,2469,0.00,0
65536,nginx,530,530,558,15601,49401,2744,0.00,0
65536,nginx,540,540,549,15824,49401,2540,0.00,0
65536,nginx,550,550,540,16050,49401,2310,0.00,0
65536,nginx,560,560,541,16240,48821,2687,0.00,0
65536,nginx,570,570,537,16459,48821,2484,0.00,0
65536,nginx,580,580,467,16681,48821,2294,0.00,0
65536,nginx,590,590,489,16886,48301,2598,0.00,0
65536,nginx,600,600,475,17119,48301,2400,0.00,0
65536,nginx,610,610,485,17311,47736,2753,0.00,0
65536,nginx,620,620,471,17517,47736,2566,0.00,0
65536,nginx,630,630,471,17738,47736,2332,0.00,0
65536,nginx,640,640,482,17928,47219,2675,0.00,0
65536,nginx,650,650,487,18179,47219,2454,0.00,0
65536,nginx,660,660,495,18350,47219,2255,0.00,0
65536,nginx,670,670,494,18570,46650,2607,0.00,0
65536,nginx,680,680,477,18787,46650,2415,0.00,0
65536,nginx,690,690,482,18991,46134,2727,0.00,0
65536,nginx,700,700,499,19226,46134,2513,0.00,0
65536,nginx,710,710,518,19430,46134,2289,0.00,0
65536,nginx,720,720,500,19658,45581,2647,0.00,0
65536,nginx,730,730,487,19852,45581,2469,0.00,0
65536,nginx,740,740,493,20050,45581,2254,0.00,0
65536,nginx,750,750,493,20290,44999,2611,0.00,0
65536,nginx,760,760,492,20480,44999,2409,0.00,0
65536,nginx,770,770,497,20707,44486,2688,0.00,0
65536,nginx,780,780,476,20940,44486,2481,0.00,0
65536,nginx,790,790,489,21125,44486,2296,0.00,0
65536,nginx,800,800,478,21360,43896,2645,0.00,0
65536,nginx,810,810,495,21583,43896,2482,0.00,0
65536,nginx,820,820,478,21775,43896,2250,0.00,0
65536,nginx,830,830,491,22016,43362,2554,0.00,0
65536,nginx,840,840,498,22236,43362,2345,0.00,0
65536,nginx,850,850,482,22434,42841,2670,0.00,0
65536,nginx,860,860,484,22651,42841,2461,0.00,0
65536,nginx,870,870,497,22848,42841,2292,0.00,0
65536,nginx,880,880,490,23080,42317,2615,0.00,0
65536,nginx,890,890,514,23290,42317,2384,0.00,0
65536,nginx,900,900,476,23485,41777,2710,0.00,0
65536,nginx,910,910,495,23722,41777,2499,0.00,0
65536,nginx,920,920,505,23941,41777,2297,0.00,0
65536,nginx,930,930,473,24152,41227,2639,0.00,0
65536,nginx,940,940,492,24359,41227,2431,0.00,0
65536,nginx,950,950,501,24552,40711,2754,0.00,0
65536,nginx,960,960,506,24763,40711,2550,0.00,0
65536,nginx,970,970,500,24989,40711,2329,0.00,0
65536,nginx,980,980,574,25201,40188,2648,0.00,0
65536,nginx,990,990,565,25448,40188,2451,0.00,0
65536,nginx,1000,1000,581,25618,39675,2742,0.00,0
65536,nginx,1010,1010,569,25845,39675,2558,0.00,0
65536,nginx,1020,1020,541,26055,39675,2319,0.00,0
